CRIM,RM,AGE,DIS,TAX,PTRATIO,PRICE
0.37517,6.089,97.7,5.2661,549.0,21.84,28.47
0.95076,5.332,46.5,9.8389,431.0,12.5,33.38
0.73226,6.19,58.6,10.9195,338.0,12.97,35.67
0.59906,6.305,35.7,3.2382,521.0,19.2,34.7
0.15686,6.28,68.9,1.7367,416.0,14.82,35.7
0.15684,6.54,42.5,10.6509,232.0,13.84,36.92
0.05903,6.417,36.6,5.2835,426.0,12.39,38.2
0.86631,6.23,61.3,6.9594,563.0,12.22,35.36
0.60151,5.965,20.4,11.6487,359.0,19.74,30.81
0.70836,5.17,20.6,1.7322,319.0,13.34,33.2
0.02156,6.215,37.5,8.1315,257.0,16.68,34.52
0.96994,6.104,22.9,1.8152,261.0,18.06,38.58
0.83261,6.136,28.6,5.1302,373.0,16.28,34.92
0.21313,5.362,47.1,9.842,438.0,12.27,34.71
0.18264,5.459,84.2,5.7682,232.0,19.84,33.34
0.18422,6.527,65.8,11.969,576.0,12.11,35.2
0.30494,5.98,61.0,7.1497,502.0,19.62,28.64
0.52523,6.341,43.5,4.5328,435.0,20.93,29.24
0.43251,6.014,94.5,3.4212,531.0,16.33,28.92
0.29194,6.015,51.8,4.8557,232.0,17.36,32.66
0.61224,6.469,27.0,5.0979,391.0,16.77,39.67
0.14035,5.742,69.4,1.7559,452.0,15.89,32.97
0.29285,6.048,29.1,5.0653,531.0,20.87,32.24
0.367,5.769,47.6,6.1066,513.0,20.94,24.97
0.45661,5.783,60.6,8.9501,311.0,15.36,30.89
0.78539,5.845,89.9,8.224,576.0,18.15,30.43
0.20047,6.111,59.5,8.7964,250.0,21.27,33.35
0.51472,5.761,76.2,1.092,550.0,21.62,28.44
0.59282,6.628,99.4,3.3943,588.0,17.09,34.89
0.0474,5.553,30.5,8.2785,271.0,16.53,36.47
0.60794,5.907,42.0,6.3239,489.0,14.79,32.98
0.17135,5.78,51.6,1.0584,216.0,21.59,33.24
0.06599,6.723,53.7,9.8494,362.0,13.43,39.05
0.94894,6.098,52.9,9.5009,407.0,17.8,37.34
0.96567,6.516,92.6,7.0326,432.0,14.83,30.98
0.80859,5.257,77.1,1.7311,574.0,14.79,30.45
0.30531,6.134,68.6,9.4317,469.0,16.05,32.63
0.09857,6.445,44.7,7.4208,393.0,21.99,34.56
0.68455,6.041,85.9,9.6016,524.0,12.55,31.54
0.44071,6.533,96.4,9.2692,580.0,17.79,31.91
0.12292,5.741,85.7,9.833,209.0,12.83,36.02
0.49568,6.705,20.1,6.6981,593.0,13.55,43.86
0.03535,7.149,70.9,2.5436,234.0,16.4,43.17
0.90941,5.819,24.1,8.3827,526.0,17.1,29.73
0.25952,5.777,40.6,7.8252,312.0,14.59,33.71
0.66286,6.727,24.8,9.1648,253.0,15.16,38.71
0.3124,6.79,68.3,2.8687,376.0,12.87,36.38
0.52055,5.739,74.9,3.1447,458.0,15.03,31.8
0.54716,5.79,29.2,10.7945,352.0,21.67,31.75
0.18567,5.859,50.7,9.2498,222.0,21.45,29.34
0.96962,5.328,56.5,10.9905,440.0,15.35,31.28
0.77536,5.541,49.5,9.3459,561.0,17.71,29.47
0.93956,5.498,29.7,7.5687,353.0,21.1,28.07
0.89493,5.616,53.5,8.1955,287.0,12.06,34.21
0.5983,5.983,80.1,10.7804,377.0,20.11,33.43
0.92195,6.117,25.7,7.3669,219.0,21.48,35.42
0.0894,6.775,26.4,7.9563,528.0,12.91,38.73
0.19679,5.501,48.4,2.7212,531.0,13.61,31.82
0.04618,6.492,95.3,6.2131,435.0,21.61,32.33
0.32601,5.893,73.5,8.8804,341.0,17.38,31.2
0.38929,5.975,74.3,3.9804,520.0,12.14,30.18
0.27208,6.337,49.0,3.2248,422.0,14.58,41.01
0.82891,5.439,67.5,4.4521,530.0,16.5,29.63
0.3574,6.191,20.8,3.6565,453.0,18.93,35.22
0.28165,6.083,70.9,3.364,514.0,19.33,31.55
0.54315,6.246,93.1,5.6734,439.0,21.95,29.2
0.14178,6.145,69.0,10.9862,366.0,14.88,33.92
0.80239,7.228,89.9,6.5777,583.0,17.38,33.01
0.07548,5.681,77.9,3.0671,416.0,17.33,36.15
0.9869,5.735,29.6,1.8467,442.0,16.06,31.01
0.77247,5.688,92.2,8.6577,288.0,13.69,30.77
0.19952,5.722,25.3,5.2108,450.0,21.77,29.44
0.00652,5.681,62.7,10.0401,429.0,20.53,31.53
0.81565,6.595,31.4,8.2546,274.0,16.98,37.77
0.70715,6.71,20.9,9.7587,224.0,18.03,35.89
0.72928,5.715,53.8,3.9914,442.0,14.27,35.75
0.7715,5.584,43.6,8.6159,505.0,17.44,31.2
0.07497,6.236,58.9,3.9047,409.0,18.95,35.11
0.35911,5.724,66.2,11.3298,291.0,17.15,33.13
0.11675,6.316,23.5,8.0001,467.0,21.9,37.39
0.86324,6.101,29.8,4.5696,232.0,18.11,40.26
0.62367,5.242,64.7,3.9646,377.0,15.71,29.17
0.33157,6.774,47.5,3.1002,265.0,19.72,41.4
0.06449,6.898,78.3,8.6411,274.0,13.7,40.56
0.31167,5.694,72.2,3.4059,281.0,15.85,34.73
0.32586,5.806,87.6,7.5483,355.0,15.47,29.06
0.72988,6.143,75.4,3.911,220.0,16.32,35.61
0.63792,6.167,54.4,8.2817,359.0,19.82,31.1
0.88733,6.329,73.8,9.9643,405.0,16.84,35.18
0.47274,7.005,42.0,9.5583,393.0,19.94,38.86
0.12047,5.912,44.5,9.3694,353.0,17.76,28.73
0.71353,5.601,83.1,3.0649,536.0,15.42,30.43
0.76102,5.31,55.7,1.9722,258.0,20.1,32.72
0.56172,5.635,83.9,8.6884,402.0,14.38,31.06
0.7712,5.983,85.8,5.0518,225.0,14.24,37.03
0.4943,6.897,88.6,5.7558,228.0,17.05,39.33
0.52321,5.741,93.3,1.3426,430.0,14.61,33.45
0.42811,6.112,54.5,3.8553,426.0,12.09,36.09
0.02639,5.992,45.5,1.3704,551.0,18.48,30.12
0.10878,6.594,66.6,10.671,423.0,17.11,32.76
0.0324,7.263,49.7,3.6774,584.0,16.46,40.42
0.63677,5.735,68.1,7.1307,219.0,21.67,30.9
0.31504,5.755,76.4,1.4288,239.0,17.71,33.52
0.50906,6.522,75.1,8.3353,218.0,20.63,34.09
0.90766,6.341,50.0,4.5533,274.0,13.39,37.8
0.25004,6.923,33.3,10.8771,417.0,17.69,39.39
0.41097,6.292,54.4,10.7693,458.0,20.68,30.88
0.7558,5.82,31.4,4.5782,218.0,17.83,32.09
0.22957,6.295,91.2,10.9106,578.0,19.18,31.56
0.0779,6.554,47.7,11.9577,537.0,15.72,34.27
0.29046,6.41,32.4,10.0796,319.0,12.92,38.33
0.16206,6.254,22.0,10.2936,231.0,16.58,40.09
0.92977,6.533,71.7,3.7391,268.0,15.94,37.61
0.80831,6.585,71.0,7.3437,251.0,20.67,35.66
0.63377,6.691,47.2,1.7398,249.0,14.44,38.31
0.87159,6.324,25.7,2.0441,407.0,21.67,33.66
0.80387,5.916,52.8,11.9878,298.0,21.58,31.65
0.18738,6.073,44.9,4.593,343.0,14.48,33.22
0.89267,6.603,74.2,9.23,596.0,15.48,34.2
0.5398,5.592,68.5,9.8733,474.0,20.96,27.64
0.80763,6.184,49.2,10.4383,580.0,21.67,29.4
0.8962,5.803,37.4,11.9739,257.0,16.43,35.34
0.31869,6.014,99.0,3.6565,353.0,15.21,34.74
0.11094,6.639,56.3,1.4439,422.0,17.26,40.27
0.22871,6.096,75.1,5.5231,231.0,18.88,32.27
0.42768,6.023,31.2,2.4309,202.0,14.73,38.37
0.8182,5.32,58.8,1.2467,468.0,19.36,28.99
0.86087,6.373,22.2,4.9647,457.0,12.52,35.81
0.00795,6.323,60.4,9.6211,364.0,12.49,38.9
0.51124,7.082,97.1,7.228,396.0,15.86,42.56
0.41799,5.846,50.7,4.4406,366.0,15.53,34.15
0.22289,6.11,23.1,8.1978,210.0,15.16,38.44
0.12075,6.125,22.5,3.5522,334.0,16.91,36.55
0.33828,6.789,51.0,1.1582,271.0,15.21,39.27
0.94297,5.952,32.8,9.4079,239.0,13.92,32.43
0.32388,6.14,21.9,7.8612,583.0,15.09,32.52
0.51927,6.304,80.5,9.3853,440.0,21.75,27.91
0.70332,6.093,56.7,1.4283,491.0,16.11,37.57
0.36427,5.777,43.1,10.2083,326.0,16.45,32.65
0.97181,6.097,92.0,7.8148,357.0,17.77,31.53
0.96248,6.537,29.3,7.1973,295.0,21.83,36.8
0.25253,5.487,96.5,7.8708,239.0,14.42,30.0
0.49775,6.066,45.1,10.5088,272.0,18.81,31.97
0.30158,5.65,91.1,7.4563,519.0,19.16,28.24
0.28556,6.598,68.2,7.3905,471.0,18.07,36.64
0.03785,5.238,86.1,11.8975,419.0,12.89,30.58
0.60995,5.721,98.7,9.324,390.0,18.77,29.69
0.50318,6.189,43.1,5.8652,569.0,12.64,35.37
0.05243,6.783,96.9,8.7814,229.0,17.96,37.76
0.27937,5.967,51.2,5.2815,312.0,19.4,33.69
0.90836,5.722,50.8,3.5176,340.0,14.11,32.41
0.24032,6.941,47.2,7.5654,513.0,20.42,35.41
0.14575,5.276,63.3,11.21,597.0,12.3,26.9
0.48996,4.901,32.3,11.2205,296.0,20.44,27.03
0.98566,6.22,64.3,4.761,550.0,16.6,31.96
0.24281,5.749,63.3,6.8045,532.0,14.18,37.03
0.67246,5.489,81.0,3.328,290.0,13.34,33.36
0.76186,6.354,86.7,11.9519,360.0,21.53,28.22
0.2384,6.122,55.2,11.7923,364.0,12.73,35.2
0.72849,5.718,44.2,8.1446,591.0,13.99,32.4
0.36842,5.36,40.7,9.8486,272.0,15.48,35.31
0.63267,6.436,35.6,8.8661,520.0,18.2,32.54
0.6339,6.325,24.6,7.5247,334.0,17.45,32.84
0.53624,5.95,47.4,1.5868,492.0,13.26,36.83
0.0912,6.923,41.6,6.0024,368.0,14.9,37.23
0.83547,5.465,97.3,8.4226,431.0,14.39,28.93
0.32146,5.237,64.6,8.4528,533.0,14.14,28.48
0.18733,5.654,47.8,5.1043,522.0,16.11,31.31
0.04173,5.977,66.4,11.3586,547.0,19.04,30.99
0.5913,6.122,31.1,2.8409,224.0,14.17,37.12
0.67789,5.879,55.5,6.504,477.0,15.67,31.94
0.01757,6.176,70.1,8.5997,256.0,15.91,35.5
0.51258,5.374,59.1,8.6685,366.0,21.76,27.87
0.22727,6.722,52.1,8.135,419.0,21.55,34.54
0.64553,5.959,99.5,4.0282,361.0,20.0,31.94
0.17519,6.559,90.4,2.7183,408.0,14.42,38.85
0.69125,6.171,69.9,7.9953,599.0,12.68,34.27
0.38735,6.228,65.6,7.5923,254.0,15.17,37.24
0.93679,6.285,69.7,2.9729,470.0,14.67,32.07
0.13838,6.224,36.1,8.7565,358.0,17.06,35.21
0.34173,6.321,51.6,6.0069,253.0,19.78,36.22
0.11436,6.665,23.2,8.3454,263.0,20.58,38.44
0.92477,6.098,58.0,10.211,580.0,20.45,27.84
0.87746,6.355,63.4,2.867,552.0,15.6,33.22
0.25868,5.955,38.2,1.2106,563.0,18.87,31.04
0.66032,6.72,97.1,9.5701,597.0,15.13,34.98
0.8174,5.662,92.8,7.7067,283.0,12.61,35.51
0.55565,6.9,77.8,8.696,342.0,19.02,35.4
0.53012,5.98,62.7,10.2197,468.0,12.1,35.8
0.24261,5.285,89.6,9.8309,394.0,16.09,28.91
0.09401,6.064,30.5,11.5701,367.0,15.29,34.48
0.89732,5.659,83.2,6.8953,343.0,18.93,29.65
0.90052,6.42,30.0,6.3735,438.0,19.66,35.76
0.63347,5.674,83.5,5.4208,430.0,15.04,32.3
0.33969,5.777,42.1,2.6906,265.0,20.12,37.76
0.34986,5.055,90.2,7.2987,389.0,14.94,26.87
0.72623,5.774,95.5,4.0471,421.0,16.46,32.43
0.89721,4.788,31.9,11.1344,428.0,19.27,24.33
0.8872,5.208,57.0,7.4151,284.0,18.93,27.36
0.7801,6.38,98.5,7.5212,497.0,21.87,30.12
0.64239,6.393,58.7,4.9042,210.0,14.25,38.95
0.08506,6.213,89.1,1.5719,342.0,18.62,40.14
0.16247,5.517,67.1,1.3492,512.0,18.1,29.68
0.89866,5.976,50.0,5.6567,426.0,21.15,28.7
0.60682,5.998,42.9,1.9302,304.0,13.56,37.74
0.01019,5.421,36.3,7.6753,478.0,19.52,24.79
0.10237,6.752,80.9,10.6907,427.0,17.68,34.85
0.66384,6.439,50.9,10.7121,518.0,14.75,34.67
0.00606,5.89,60.9,8.2495,494.0,16.74,33.25
0.16165,6.013,59.4,3.3236,444.0,15.34,36.37
0.54919,6.104,66.2,10.493,395.0,17.79,31.31
0.6922,4.979,89.2,10.747,253.0,20.89,25.45
0.65231,5.876,98.5,3.1632,305.0,17.69,31.04
0.22505,5.659,52.6,9.1117,368.0,18.32,28.69
0.71247,5.499,86.2,4.1517,440.0,17.19,30.35
0.23801,5.859,81.2,9.829,405.0,12.51,30.92
0.32607,6.899,65.9,11.9696,315.0,14.33,37.82
0.74674,6.32,96.5,1.3303,203.0,16.92,34.59
0.64998,5.714,36.0,10.871,398.0,15.1,33.56
0.84937,6.286,28.7,7.8489,314.0,13.82,41.13
0.65796,6.7,88.3,11.7072,494.0,17.04,31.12
0.56874,6.462,55.1,6.1151,210.0,15.23,34.73
0.09458,6.03,87.8,10.3213,434.0,14.58,32.52
0.36835,5.677,91.4,1.6863,577.0,16.64,30.06
0.26594,6.349,25.0,4.6881,270.0,13.33,40.0
0.24475,6.197,90.7,1.7372,389.0,21.28,31.37
0.97304,6.448,55.9,11.7288,237.0,20.68,33.62
0.3937,6.318,60.8,9.9867,450.0,19.08,33.27
0.89215,6.525,70.1,10.378,420.0,13.06,38.35
0.63151,5.732,94.1,11.3176,363.0,19.76,24.84
0.79502,6.659,21.5,1.9361,409.0,20.08,36.0
0.50313,6.099,58.1,5.2416,559.0,19.68,31.45
0.57733,7.038,75.0,1.7814,279.0,13.14,40.1
0.49303,5.655,77.8,3.3187,209.0,18.44,36.18
0.19605,6.868,75.4,3.523,545.0,20.34,33.38
0.72273,6.099,30.8,6.1602,431.0,17.77,33.7
0.28149,5.674,44.0,3.9542,556.0,18.46,31.44
0.02529,5.758,48.7,2.1108,439.0,16.58,32.03
0.64583,5.84,84.4,2.8424,524.0,17.29,27.2
0.17793,6.212,42.3,2.62,372.0,12.34,37.43
0.94052,6.261,36.9,11.7038,500.0,18.39,34.25
0.95397,5.713,96.6,9.3522,565.0,12.81,29.59
0.91495,5.988,20.7,11.6454,429.0,16.35,31.37
0.37079,7.071,99.8,5.8371,272.0,14.93,41.67
0.01644,6.864,74.1,4.0621,308.0,17.45,37.81
0.92839,6.218,86.3,9.7812,279.0,13.33,34.61
0.42876,6.019,43.6,4.5888,299.0,18.92,34.5
0.96669,6.06,21.1,4.2932,323.0,19.95,35.66
0.96366,6.307,79.0,3.5576,422.0,13.63,40.7
0.85316,5.489,86.7,2.4265,435.0,13.04,33.72
0.29515,5.871,79.2,3.8211,371.0,13.46,36.95
0.38571,5.166,31.4,4.9085,446.0,20.77,26.86
0.85129,6.2,80.3,8.4139,233.0,17.28,32.46
0.31761,6.324,81.5,1.6882,235.0,16.67,37.12
0.17032,5.758,72.7,3.3156,269.0,13.07,35.85
0.55724,6.787,81.3,9.8993,407.0,18.5,32.76
0.93622,5.387,87.7,2.6161,286.0,20.68,28.76
0.69633,5.268,69.1,4.7691,313.0,20.28,29.49
0.57049,6.112,27.1,10.5112,360.0,18.26,34.35
0.09808,6.524,59.0,2.7042,525.0,12.75,38.64
0.61539,6.842,26.2,1.9101,206.0,13.12,43.7
0.99006,5.771,52.6,6.3299,460.0,12.49,32.66
0.14094,6.539,52.6,4.3266,468.0,14.57,36.19
0.51881,5.981,25.3,7.1975,519.0,13.36,32.18
0.8775,5.914,47.9,9.8419,573.0,14.6,35.27
0.74103,6.442,28.9,2.5086,208.0,15.85,39.49
0.69732,6.326,84.7,7.3877,262.0,21.43,32.48
0.70278,5.212,95.8,6.5606,554.0,18.1,24.07
0.36013,6.738,25.8,2.5849,383.0,20.35,43.09
0.2943,6.69,96.4,7.864,426.0,19.1,31.88
0.80955,5.687,61.8,4.01,465.0,13.13,32.3
0.8103,6.198,44.0,6.3662,472.0,19.36,33.42
0.86721,6.247,26.1,1.905,573.0,14.75,36.73
0.91333,6.13,60.0,6.0554,599.0,18.39,32.91
0.51183,5.725,83.6,4.3711,488.0,15.41,35.02
0.50201,5.664,76.6,10.0462,315.0,21.98,29.63
0.7985,5.987,24.0,1.6268,552.0,14.64,32.54
0.65031,6.586,25.8,5.6047,220.0,14.79,39.6
0.70226,6.272,52.2,6.0427,292.0,21.31,34.27
0.796,5.815,43.6,8.9751,559.0,12.25,37.0
0.89012,6.386,38.6,7.3172,302.0,18.97,32.56
0.33866,4.576,42.5,8.3393,288.0,19.25,28.67
0.37621,6.574,84.3,9.5475,255.0,20.36,34.87
0.09489,5.13,94.3,10.4842,544.0,21.74,25.04
0.5787,5.819,52.4,4.4526,400.0,21.76,30.26
0.03691,5.44,92.5,6.9182,470.0,12.65,29.31
0.46613,5.353,45.7,10.2412,296.0,20.22,30.54
0.5431,6.58,58.1,11.884,503.0,18.46,34.56
0.28725,5.766,38.1,10.7847,504.0,18.47,32.06
0.59124,6.173,71.2,5.0861,325.0,13.28,36.5
0.03147,5.977,98.3,3.1468,364.0,18.5,31.2
0.03831,6.239,68.3,6.3833,284.0,21.82,29.98
0.82278,6.038,48.6,9.1581,591.0,21.12,30.66
0.36083,5.359,71.8,6.4183,458.0,16.39,30.25
0.12793,6.498,29.8,6.315,574.0,12.4,35.4
0.52272,5.753,91.1,10.2205,321.0,15.62,30.63
0.77022,5.222,60.2,4.9754,513.0,20.26,25.73
0.21661,5.786,55.9,10.4577,506.0,19.01,26.52
0.62327,6.75,66.9,5.4749,477.0,16.59,34.64
0.08626,6.425,70.0,4.6106,586.0,12.55,33.66
0.05263,5.826,25.7,5.9939,357.0,16.27,33.6
0.53182,5.825,74.6,9.3869,252.0,16.69,31.4
0.54109,5.839,39.4,2.386,469.0,21.29,27.68
0.63779,7.038,77.1,3.1606,492.0,18.41,40.85
0.72637,6.191,85.8,11.4659,430.0,15.12,35.37
0.97588,6.215,84.3,2.9304,283.0,17.25,33.46
0.51678,6.515,64.2,7.245,402.0,12.66,38.14
0.32363,6.119,61.6,7.3725,325.0,21.73,32.83
0.79539,5.87,31.4,6.3859,371.0,15.6,36.61
0.27156,5.902,82.0,8.0922,458.0,16.78,29.69
0.43953,5.964,41.7,3.5281,498.0,15.55,36.07
0.07938,5.981,59.7,7.0793,293.0,18.83,32.22
0.02633,6.364,42.7,5.0939,362.0,18.62,32.91
0.96269,6.026,30.7,8.2783,308.0,19.15,34.87
0.83614,6.366,70.4,2.5535,279.0,14.68,40.24
0.69628,5.96,24.3,7.2797,513.0,15.16,38.73
0.40954,6.039,79.9,3.038,564.0,13.25,31.32
0.17412,5.001,45.4,4.0651,348.0,18.56,30.38
0.15728,6.458,20.0,3.4058,501.0,12.4,37.9
0.25099,6.173,60.9,3.0112,559.0,17.98,34.3
0.54968,6.499,23.7,10.0828,538.0,20.7,29.82
0.71488,4.552,42.1,4.1428,273.0,20.91,23.6
0.66054,7.044,76.6,11.1984,583.0,16.49,33.73
0.28065,5.93,25.0,11.6692,351.0,16.59,33.78
0.95491,6.554,87.1,7.2839,336.0,12.77,36.2
0.73816,5.48,20.3,2.573,225.0,18.71,34.62
0.5548,6.306,39.7,5.12,394.0,20.21,36.05
0.61211,5.473,79.3,9.7751,244.0,14.45,33.26
0.42018,5.688,45.3,5.0413,299.0,16.21,37.01
0.24848,6.957,28.2,1.9572,327.0,20.39,39.79
0.35662,5.905,48.8,7.1246,524.0,20.77,27.4
0.75809,6.109,41.6,10.2963,550.0,14.43,35.87
0.01538,6.435,87.4,9.7552,321.0,17.51,33.42
0.11696,6.248,45.1,2.9264,543.0,13.92,37.67
0.04696,6.075,83.1,8.4004,543.0,13.02,36.39
0.04169,6.182,91.3,3.4255,506.0,21.11,31.76
0.85561,7.202,54.7,3.4003,259.0,20.21,36.57
0.70395,5.971,92.8,10.6148,476.0,19.6,27.2
0.4747,6.101,50.2,3.7464,578.0,12.49,37.63
0.09874,6.525,97.1,3.8957,473.0,20.44,32.6
0.49212,6.553,27.1,1.0072,333.0,16.38,39.14
0.474,6.594,75.0,10.5774,400.0,15.42,37.18
0.17403,6.319,59.5,9.7185,458.0,17.46,34.86
0.43442,5.428,51.0,7.9006,404.0,12.91,32.88
0.39911,6.817,70.6,9.2529,248.0,19.57,36.23
0.61623,5.427,76.3,2.6725,325.0,17.82,30.22
0.63546,6.151,20.3,6.0416,521.0,13.87,37.19
0.04626,5.623,33.4,4.8634,545.0,13.88,33.83
0.37524,5.968,77.0,2.0315,255.0,13.84,35.95
0.62623,6.164,73.3,6.3474,581.0,12.57,36.11
0.50363,6.161,97.3,11.1281,332.0,17.88,31.89
0.85663,6.211,80.9,1.4407,465.0,20.4,30.36
0.65903,6.807,96.1,4.2061,501.0,12.17,36.37
0.16377,6.227,76.2,3.283,525.0,12.49,33.66
0.0715,5.878,43.8,3.6196,578.0,17.73,31.13
0.64278,6.482,28.4,10.9928,325.0,20.19,37.16
0.02748,6.595,82.5,6.1488,543.0,15.27,33.58
0.58619,5.386,71.5,6.1293,253.0,15.5,32.36
0.94029,6.299,23.9,9.3663,482.0,17.96,32.32
0.5759,6.351,48.8,2.6994,497.0,14.74,35.6
0.38878,5.851,96.5,6.3599,471.0,12.27,30.03
0.64364,6.688,60.0,5.7298,301.0,19.35,36.05
0.45879,5.925,54.6,7.566,549.0,18.26,30.24
0.54607,6.063,56.6,11.9951,268.0,17.81,34.44
0.94152,5.913,36.7,9.4639,221.0,19.42,33.63
0.38672,6.008,49.5,5.3765,487.0,18.75,29.64
0.96123,5.452,49.6,10.1031,390.0,14.06,33.51
0.90545,5.28,24.2,2.8778,540.0,15.52,30.91
0.1966,6.797,81.4,1.3351,353.0,13.26,40.41
0.07029,5.577,53.3,3.2489,267.0,13.3,35.26
0.10168,5.504,85.8,4.7445,535.0,18.76,27.18
0.0192,4.923,88.0,6.6164,420.0,20.59,25.58
0.09535,5.681,37.0,7.7664,276.0,21.63,32.07
0.68332,5.338,72.6,11.0167,488.0,18.28,23.45
0.07212,6.821,57.8,6.6084,404.0,13.84,37.98
0.31966,6.505,90.4,6.514,442.0,13.06,35.89
0.84503,5.656,37.3,1.5527,384.0,20.13,32.04
0.02425,7.126,74.2,1.384,531.0,17.79,40.3
0.81465,6.491,68.6,7.0628,532.0,18.18,31.62
0.28257,5.838,43.6,5.82,484.0,19.81,29.84
0.11905,4.75,30.9,10.231,242.0,19.03,26.76
0.69704,7.145,72.1,2.7675,536.0,20.34,34.53
0.62931,5.305,79.1,1.2747,468.0,12.56,30.93
0.87759,5.177,45.3,5.9394,479.0,19.48,28.91
0.73534,6.511,71.6,3.6123,345.0,20.51,32.5
0.80368,7.22,51.6,1.5458,552.0,14.86,40.75
0.28275,6.692,77.1,8.9706,490.0,18.4,30.71
0.17826,6.282,35.9,2.2275,245.0,15.14,37.66
0.75086,6.297,91.2,7.6915,363.0,21.58,30.76
0.80703,6.427,43.0,4.0915,555.0,12.33,40.26
0.99051,6.379,49.4,2.9085,219.0,17.8,36.7
0.41321,6.141,24.6,5.1773,585.0,13.67,30.64
0.37265,6.052,28.9,9.8159,472.0,19.12,27.97
0.77664,5.969,61.3,5.313,453.0,13.76,34.21
0.34146,5.623,41.4,9.2585,308.0,14.35,34.82
0.93083,5.86,86.8,2.3803,300.0,16.94,34.04
0.85855,5.154,21.2,9.5005,577.0,21.15,25.79
0.42957,5.951,50.3,3.6063,319.0,14.12,38.38
0.75112,5.506,47.0,8.4513,510.0,13.44,30.15
0.75479,5.448,21.5,7.2236,357.0,19.59,32.2
0.10402,6.09,29.9,11.2206,256.0,17.01,31.93
0.90265,6.696,53.1,5.2605,204.0,21.12,34.97
0.50575,6.459,59.4,1.7278,418.0,13.47,34.39
0.82663,5.215,52.3,1.2107,590.0,18.46,27.17
0.32073,5.505,62.5,10.0954,348.0,14.33,31.73
0.89563,6.47,67.6,6.7721,343.0,13.57,37.53
0.38981,5.509,20.8,9.5277,338.0,18.83,31.15
0.01183,5.888,57.1,3.5787,408.0,17.94,31.1
0.90548,6.275,97.1,4.7959,376.0,19.55,32.13
0.0922,5.516,61.5,1.3311,552.0,15.09,28.36
0.31999,6.053,74.2,11.5764,402.0,16.48,35.03
0.95011,5.333,44.9,8.3465,403.0,16.05,29.51
0.95066,5.699,81.9,11.2653,255.0,21.84,27.86
0.57386,6.16,81.8,3.9205,593.0,14.92,36.06
0.63221,5.204,61.7,7.7261,300.0,14.95,28.35
0.449,6.22,98.1,8.4635,229.0,15.55,32.92
0.29392,5.99,30.0,4.493,465.0,17.65,31.34
0.32934,6.276,21.4,10.3292,438.0,14.52,35.73
0.67285,6.112,81.6,11.4188,366.0,21.15,31.12
0.75262,6.682,84.6,10.7334,369.0,14.66,37.81
0.79179,6.063,29.6,9.1297,514.0,20.96,35.73
0.78983,5.785,41.2,4.0521,278.0,13.03,31.69
0.09211,6.061,21.4,4.0978,528.0,18.57,34.45
0.49493,6.272,43.5,11.597,459.0,21.07,30.25
0.0585,6.024,81.9,1.1131,368.0,13.69,34.71
0.54998,6.02,61.4,8.8765,383.0,21.68,29.3
0.44209,5.649,47.8,8.7687,303.0,16.53,30.72
0.88782,5.669,49.7,7.8496,501.0,21.46,31.47
0.35156,5.299,20.1,11.8912,405.0,18.77,30.59
0.11795,6.875,44.0,4.4307,328.0,15.02,40.37
0.14385,5.378,71.7,4.7397,438.0,13.88,34.1
0.76175,5.654,97.9,1.8683,598.0,15.04,27.05
0.6186,5.641,87.8,5.8708,374.0,12.93,30.22
0.10202,6.447,21.9,3.8715,568.0,13.44,33.0
0.08502,5.853,91.9,4.7773,338.0,13.05,33.21
0.70127,6.624,82.7,10.1803,222.0,16.23,37.24
0.07369,5.663,82.4,11.2903,282.0,19.96,29.95
0.82204,6.139,56.6,3.0431,367.0,13.41,36.9
0.70654,5.582,51.8,5.0976,288.0,13.3,31.63
0.08227,7.073,44.2,11.2149,200.0,18.43,41.15
0.08575,5.406,25.3,1.6799,566.0,13.97,32.73
0.98665,6.155,38.3,2.016,538.0,12.98,37.33
0.3749,6.317,39.7,2.7907,497.0,13.67,33.06
0.37127,6.207,58.7,7.5473,267.0,21.24,33.91
0.81299,5.907,79.8,2.6552,248.0,20.21,30.24
0.9473,5.935,57.9,11.6488,227.0,15.54,33.3
0.98602,6.022,24.6,5.9139,490.0,18.56,33.58
0.75362,5.926,96.6,6.5167,572.0,17.37,29.83
0.37688,6.482,95.4,3.7132,372.0,18.77,32.81
0.08442,7.105,82.8,6.1806,248.0,18.83,38.88
0.77737,5.721,99.3,8.281,405.0,18.29,26.32
0.55885,5.315,63.6,9.2629,340.0,14.66,33.11
0.4248,5.956,97.0,9.2925,350.0,12.39,33.69
0.90645,7.29,26.0,7.3568,449.0,16.56,42.21
0.11209,5.598,49.3,10.948,487.0,20.91,26.89
0.49313,6.82,38.0,9.9915,244.0,17.69,37.38
0.01234,6.839,35.7,9.3275,214.0,20.32,36.42
0.46919,5.723,31.3,1.6117,598.0,21.92,30.93
0.05725,6.284,69.8,1.0757,293.0,13.64,36.91
0.1197,6.814,82.5,3.3369,222.0,18.92,39.48
0.11841,5.81,66.3,8.2988,276.0,18.74,31.45
0.64956,5.898,31.8,5.5232,216.0,21.8,29.09
0.7463,5.709,84.9,5.4265,357.0,21.86,27.9
0.58379,5.493,70.9,10.7305,521.0,18.87,24.9
0.96221,5.675,51.1,10.8512,336.0,14.44,32.68
0.3755,5.388,73.9,11.0009,378.0,19.99,25.18
0.28643,6.017,40.8,4.4527,470.0,13.07,37.44
0.86873,5.615,47.6,8.6016,404.0,19.81,29.37
0.22437,6.117,93.4,3.988,545.0,21.1,29.52
0.96326,5.222,43.2,3.0967,546.0,15.83,30.65
0.01314,6.165,57.6,3.031,204.0,18.31,38.22
0.96991,6.417,91.2,4.7632,511.0,16.3,33.61
0.04412,5.003,76.6,5.7295,384.0,16.38,26.98
0.89125,6.187,25.0,10.1404,596.0,15.1,29.65
0.52817,6.614,31.8,2.3188,393.0,19.62,35.28
0.99297,5.395,20.6,9.0842,595.0,21.36,25.18
0.07472,6.836,70.5,6.846,502.0,21.41,34.15
0.5543,6.21,55.8,4.1674,299.0,13.75,36.71
0.96933,5.647,30.7,6.421,415.0,20.75,31.4
0.52357,5.972,96.6,4.2994,597.0,19.37,27.96
0.62977,6.279,62.4,7.5569,543.0,14.53,33.89
0.69605,6.038,39.4,5.7723,239.0,12.67,40.15
0.45509,6.269,60.0,2.8085,483.0,14.68,36.27
0.62793,5.54,74.4,2.2824,338.0,21.12,29.64
0.58473,6.085,26.1,7.0137,203.0,18.33,34.55
0.90126,5.293,42.0,10.9265,361.0,19.21,27.09
0.0464,5.944,84.6,4.7835,294.0,14.57,33.28
0.28168,5.548,56.8,9.063,528.0,19.19,27.13
0.95046,5.632,63.7,8.2453,335.0,12.28,35.15
0.89037,6.618,54.6,11.2471,531.0,15.75,34.13
0.4562,6.546,23.5,10.0308,200.0,18.27,34.96
0.62051,6.305,33.3,7.2327,323.0,13.46,41.35
0.2781,5.454,55.6,8.2273,296.0,20.23,30.38
0.18893,5.842,36.7,10.8823,293.0,14.35,31.92
0.46423,6.607,24.0,5.3947,227.0,18.52,37.59
0.354,6.071,87.5,4.5947,275.0,16.05,35.08
0.58407,7.16,98.5,1.1189,422.0,17.96,41.54
0.07866,6.197,83.5,10.0921,317.0,13.07,33.5
0.97442,6.096,88.3,9.8108,367.0,12.17,36.58
0.98622,5.845,39.4,2.149,351.0,21.1,34.86
0.69846,6.067,96.9,7.3454,550.0,14.7,30.5
0.53656,5.924,35.8,6.1038,562.0,20.2,29.78
0.31022,6.354,96.1,2.3058,397.0,21.99,30.23
0.81398,6.478,99.6,11.7863,332.0,14.11,34.86
0.68505,5.607,76.9,3.3617,243.0,14.65,33.88
0.16345,5.334,98.5,1.7396,581.0,18.63,28.48
0.91102,5.082,65.6,7.5433,224.0,21.65,29.59
0.82271,6.254,40.8,9.1275,319.0,21.16,31.54
0.94985,5.448,55.0,1.3569,319.0,17.03,28.2
0.72599,4.924,67.5,8.2459,328.0,19.95,26.29
0.6138,6.194,25.8,6.8552,266.0,13.36,38.77
0.41882,7.246,69.8,2.1359,513.0,21.77,36.98
0.9328,5.997,98.5,2.8978,249.0,21.64,31.02
0.8662,6.419,35.2,7.2477,454.0,13.64,37.05
0.04617,6.041,83.4,4.2599,250.0,14.99,38.86
0.02734,5.951,92.6,11.3215,228.0,13.0,35.68
0.37709,6.46,95.5,10.0061,564.0,14.72,32.5
0.81074,5.855,96.8,11.8192,276.0,20.16,28.76
0.98729,6.134,61.7,3.8564,529.0,15.78,33.03
0.15127,6.161,98.2,11.667,418.0,12.88,37.1
0.59454,5.666,80.6,5.7436,231.0,15.42,33.08
0.38151,6.496,32.9,4.8227,582.0,21.81,32.57
0.96994,5.913,58.2,1.5538,299.0,18.3,32.92
0.84228,5.622,77.5,1.5804,544.0,16.16,32.73
0.83849,6.268,39.8,8.6121,268.0,13.67,41.41
0.46922,5.551,71.2,6.0372,542.0,21.86,27.73
0.4154,6.014,73.3,3.4917,205.0,20.21,33.98
0.27413,5.995,33.0,7.7537,405.0,14.81,34.92
0.05732,6.543,65.2,3.7814,508.0,12.7,32.78
0.86486,6.237,81.7,7.3539,574.0,12.57,35.3
0.81309,5.987,59.9,4.9513,564.0,13.2,33.77
0.99972,6.409,21.0,10.0591,528.0,17.81,34.58
0.99664,6.695,20.7,10.0277,555.0,21.29,31.73
0.55588,6.279,48.6,6.2509,280.0,16.97,35.35
0.76922,6.005,94.1,4.859,314.0,20.43,30.67
0.94482,5.344,38.3,4.9882,316.0,16.46,33.75
0.8498,5.467,70.7,9.8629,351.0,19.09,28.0
0.2481,5.847,37.8,4.61,357.0,19.32,36.99
0.45109,5.695,45.7,3.2997,418.0,13.74,35.03
0.13003,5.907,87.8,1.9316,264.0,15.61,32.45
0.9541,6.028,78.3,6.1336,476.0,18.37,30.89
0.60657,6.265,27.6,6.3035,267.0,12.71,37.6
0.22941,5.965,54.3,10.25,324.0,15.62,29.59
0.67203,6.243,22.3,3.4336,401.0,17.35,39.04
0.61851,6.032,58.5,5.1909,519.0,21.96,31.29
0.3588,5.012,73.0,9.8925,496.0,16.75,27.44
0.11444,5.53,29.5,10.0599,458.0,20.16,29.37
0.6719,5.928,43.1,5.2307,262.0,16.32,32.42
0.52079,5.395,51.8,6.0504,419.0,19.96,27.81
0.77255,6.3,93.6,4.3361,235.0,17.95,36.8
0.52064,6.765,99.5,11.2581,351.0,20.87,31.28
0.85233,6.609,23.6,2.3051,365.0,16.11,33.68
0.55235,5.893,80.9,11.2712,216.0,18.04,31.87
0.56138,6.745,49.7,8.5225,310.0,18.3,36.72
0.87678,6.074,51.4,6.8473,582.0,16.17,32.39
0.40408,5.831,80.3,1.3592,581.0,13.44,34.2
0.13488,5.693,93.5,6.2316,341.0,12.94,34.74
0.02975,5.849,96.1,5.4852,217.0,12.17,36.51
0.75538,5.806,66.2,2.7734,272.0,20.74,34.41
0.62069,6.085,48.6,8.2205,357.0,14.36,32.22
0.70438,6.08,83.0,11.6827,579.0,14.12,32.38
0.21375,6.002,40.1,7.1841,256.0,19.36,35.28
0.13724,6.218,65.1,8.8623,505.0,15.2,31.17
0.01553,6.595,48.7,1.753,243.0,17.06,36.19
0.35124,6.475,72.5,5.5943,593.0,13.63,33.67
0.59033,5.258,39.2,2.2799,353.0,21.6,27.71
0.39285,4.723,35.3,7.7408,510.0,20.52,25.96
0.43804,6.467,93.5,11.3233,337.0,20.64,31.13
0.90425,5.317,28.1,8.2796,451.0,16.07,28.38
0.34891,5.888,60.5,1.8448,277.0,19.62,32.28
0.51448,5.415,37.7,4.9013,258.0,13.44,36.64
0.78387,5.099,23.1,7.0573,575.0,12.09,30.23
0.39715,6.271,22.9,5.4353,567.0,12.2,36.25
0.62246,6.38,34.0,10.1701,555.0,17.87,32.83
0.8625,5.712,89.3,9.9614,450.0,16.55,32.27
0.94957,4.704,42.6,7.7301,523.0,17.18,23.9
0.14793,5.727,96.0,5.108,228.0,12.07,37.98
0.92666,6.196,66.5,3.8087,334.0,16.23,35.73
0.49262,5.261,54.9,2.1646,325.0,19.18,29.82
0.25899,6.092,66.4,4.9039,454.0,16.43,38.6
0.45968,5.992,61.3,5.5449,342.0,19.32,30.59
0.98005,6.29,80.7,8.4341,259.0,14.33,35.39
0.49313,6.06,42.6,8.2398,439.0,20.13,29.21
0.32942,5.513,48.2,1.7712,526.0,17.88,32.3
0.63377,6.598,91.5,5.3479,353.0,14.11,40.65
0.24091,5.921,95.7,2.9996,253.0,14.37,38.64
0.07679,5.986,91.4,2.7249,279.0,18.28,36.12
0.12975,5.533,53.6,10.1003,295.0,20.3,29.48
0.12892,5.778,82.4,1.4611,320.0,16.16,33.05
0.15275,5.558,58.1,5.611,457.0,14.58,28.65
0.13969,5.914,59.8,2.8502,440.0,20.67,35.47
0.64123,6.856,36.4,10.6726,478.0,18.69,36.55
0.1827,5.314,67.3,7.1274,345.0,16.48,29.36
0.34632,5.193,34.9,3.5452,530.0,16.88,31.95
0.89689,6.736,46.5,6.5267,282.0,14.04,37.75
0.47449,5.895,88.4,9.0463,388.0,18.27,31.57
0.66789,5.665,36.6,11.5393,520.0,15.59,30.24
0.17315,6.52,25.7,3.4249,272.0,21.96,37.63
0.1931,5.697,25.5,10.748,244.0,16.8,33.51
0.04183,6.913,95.3,11.2773,553.0,16.86,31.57
0.16977,6.339,60.6,11.0806,337.0,17.66,34.53
0.27931,5.756,52.8,7.9896,474.0,21.17,31.23
0.17783,7.079,84.9,7.928,210.0,20.01,38.01
0.08961,5.697,86.9,5.4353,476.0,16.51,32.28
0.12152,6.371,46.6,9.2764,326.0,19.19,32.59
0.46132,6.15,75.5,6.8442,222.0,17.86,34.68
0.20713,6.651,81.7,8.4518,444.0,16.92,33.86
0.36491,6.781,72.4,5.713,296.0,13.92,40.98
0.50391,6.016,32.1,9.0465,355.0,16.64,34.25
0.6907,5.623,90.1,10.0692,232.0,14.46,33.88
0.04027,6.23,63.1,2.6108,259.0,21.15,36.73
0.79961,5.661,42.6,10.1622,319.0,15.35,34.11
0.62827,7.007,54.0,6.9433,236.0,21.52,38.14
0.08268,6.068,23.0,10.2913,564.0,17.33,30.25
0.87371,5.817,30.2,5.7443,202.0,18.32,34.41
0.92095,6.092,81.2,5.1694,394.0,17.43,31.81
0.06202,5.326,20.0,11.0657,249.0,13.29,32.96
0.2776,5.514,53.3,3.7629,323.0,15.76,32.22
0.8064,6.6,61.8,10.2863,570.0,12.99,33.53
0.74851,5.672,24.4,6.3242,265.0,18.23,29.31
0.18534,5.477,97.8,6.655,586.0,16.47,26.6
0.21014,6.268,38.1,4.3932,282.0,19.78,35.89
0.3711,6.593,44.3,7.3035,497.0,14.2,34.22
0.48504,6.359,44.3,4.5773,419.0,13.65,37.32
0.61864,6.498,38.4,1.432,554.0,16.06,39.97
0.36954,5.622,20.1,3.992,422.0,21.27,32.71
0.46307,5.289,78.3,1.0702,414.0,19.1,32.25
0.74772,6.751,97.3,11.7619,278.0,16.19,37.02
0.03765,5.839,37.9,11.6232,266.0,17.17,35.8
0.25318,5.875,73.0,5.3467,567.0,12.84,31.45
0.71364,6.664,79.4,9.0121,331.0,21.85,32.26
0.89531,6.278,87.9,4.8039,349.0,18.66,28.05
0.51217,6.228,53.8,8.382,504.0,14.85,36.5
0.53258,7.083,44.2,9.8597,336.0,17.86,41.64
0.10806,5.678,46.0,11.4143,581.0,13.09,30.21
0.44796,6.464,77.0,5.4023,495.0,21.66,31.42
0.53308,6.029,85.3,9.6163,439.0,13.75,31.62
0.24323,6.134,34.5,3.9252,552.0,18.48,33.73
0.26997,6.764,49.7,11.8937,220.0,14.45,41.64
0.37791,6.254,92.2,1.2835,303.0,19.18,30.95
0.02105,6.269,84.5,7.6388,386.0,19.77,33.35
0.32276,6.536,98.8,8.2546,291.0,18.73,34.08
0.21224,5.818,80.3,8.5685,498.0,18.14,30.04
0.32817,5.58,51.5,2.3243,568.0,20.92,29.5
0.12064,5.478,67.3,11.3238,370.0,12.79,31.57
0.89064,5.017,72.9,2.993,337.0,15.31,29.62
0.594,7.028,26.3,7.8503,585.0,14.48,37.97
0.67942,5.448,63.6,3.4494,378.0,21.88,30.52
0.78938,5.889,76.7,4.3794,396.0,15.89,33.81
0.49894,5.862,33.4,7.011,341.0,19.33,33.02
0.08783,6.154,82.5,5.5891,564.0,18.85,28.53
0.53757,6.408,66.7,2.7625,428.0,14.12,36.12
0.58725,6.43,96.2,2.8803,505.0,14.39,36.95
0.74569,5.708,23.4,5.5996,525.0,14.81,32.77
0.43223,5.916,41.2,9.3301,337.0,16.11,35.16
0.12845,6.141,68.1,10.8776,373.0,14.34,38.06
0.28449,5.876,43.7,1.9254,539.0,12.2,37.13
0.36372,6.804,77.2,5.3241,345.0,20.79,35.8
0.64627,6.245,80.7,2.1027,518.0,21.66,30.03
0.57121,6.367,28.2,1.1825,576.0,15.42,30.89
0.35674,6.331,61.1,8.2789,449.0,15.39,34.47
0.98653,6.587,60.7,7.6269,497.0,12.07,36.44
0.60617,6.091,49.5,2.7932,522.0,18.8,33.27
0.23799,5.352,94.6,3.5719,538.0,20.25,26.28
0.10268,6.2,86.2,1.2608,358.0,13.47,36.15
0.15371,5.674,75.8,10.1844,221.0,13.6,30.41
0.24671,5.736,77.1,11.7216,361.0,19.9,27.46
0.16152,6.293,56.9,2.4901,470.0,18.16,35.35
0.18738,6.619,93.7,3.5462,380.0,12.45,41.89
0.28581,6.011,75.6,10.5525,500.0,18.23,30.22
0.1742,6.154,78.3,11.1911,343.0,15.09,34.78
0.89687,6.851,88.9,5.6159,454.0,15.69,38.54
0.08115,6.12,41.9,1.5568,275.0,19.7,33.77
0.52499,7.301,84.6,1.4333,500.0,20.11,38.1
0.41099,6.283,35.6,7.3134,418.0,16.0,34.02
0.9824,5.12,47.6,5.3218,282.0,21.47,29.79
0.11293,6.377,46.8,1.3152,317.0,16.06,38.26
0.39846,6.191,98.3,7.4158,499.0,19.72,31.07
0.9695,6.645,88.5,1.1243,393.0,16.84,34.95
0.86564,6.337,76.1,9.6611,286.0,20.98,34.1
0.81725,5.931,78.2,4.3708,587.0,21.08,32.79
0.25864,5.388,65.0,1.4428,486.0,12.87,30.26
0.17172,5.895,95.8,7.4719,583.0,21.36,26.83
0.66897,5.575,59.7,5.3745,371.0,20.26,30.3
0.92945,5.71,50.4,11.7118,390.0,19.91,30.95
0.55721,6.294,33.0,6.9862,559.0,14.01,34.09
0.57204,6.835,82.9,4.0276,410.0,20.05,29.81
0.2807,6.197,78.8,8.8038,483.0,20.5,33.36
0.76972,5.402,50.7,3.9864,301.0,14.89,34.37
0.18786,6.222,22.0,10.9467,379.0,21.52,29.13
0.32436,6.598,87.1,5.1219,249.0,12.5,38.24
0.42601,5.695,20.9,7.0486,282.0,13.5,38.79
0.5081,5.933,76.3,1.5563,200.0,17.38,38.02
0.24317,6.007,97.6,5.6873,216.0,17.76,35.69
0.11572,5.608,55.0,10.156,591.0,18.45,27.81
0.61101,6.324,38.8,9.8621,297.0,12.17,38.29
0.28934,5.94,76.4,3.4675,465.0,21.6,29.86
0.58166,6.21,85.4,3.4869,536.0,12.45,37.17
0.15521,5.556,63.7,9.9904,420.0,13.43,30.13
0.48166,5.781,97.4,11.2344,261.0,12.14,32.2
0.53306,6.361,24.1,2.049,491.0,17.67,37.68
0.05277,5.814,60.4,5.9506,440.0,21.32,29.89
0.33727,6.863,77.5,4.712,493.0,18.66,38.38
0.13528,5.8,89.0,10.5776,508.0,20.23,26.61
0.06431,6.112,34.3,1.9188,590.0,12.13,36.04
0.98997,6.466,84.0,3.3224,429.0,17.42,32.81
0.32303,5.291,64.2,9.2772,337.0,16.6,29.86
0.81006,5.12,51.7,1.5642,459.0,16.99,26.29
0.25539,5.237,30.5,6.4179,227.0,12.72,33.25
0.68182,6.631,89.2,5.8632,559.0,18.84,30.08
0.76047,5.724,32.6,4.6784,248.0,17.03,35.72
0.59604,7.279,44.8,5.3403,331.0,19.65,40.98
0.4721,5.718,43.2,6.8293,526.0,16.85,27.55
0.41243,6.092,89.7,2.775,439.0,13.49,37.54
0.34952,6.771,73.8,7.292,357.0,18.48,41.19
0.9296,7.003,83.7,9.8598,389.0,13.72,38.41
0.83079,7.031,40.0,9.3618,542.0,20.72,33.61
0.96506,6.604,70.0,2.6929,336.0,18.13,42.12
0.12517,6.512,65.7,2.6417,548.0,13.57,34.1
0.73114,6.296,86.6,3.9499,235.0,21.62,33.61
0.9384,6.389,92.5,4.9718,511.0,17.18,33.37
0.18205,5.724,21.0,5.493,539.0,12.73,36.74
0.06743,5.591,73.9,8.4767,273.0,18.27,31.86
0.74138,5.998,24.1,1.6235,372.0,14.53,35.59
0.5749,5.915,63.9,1.3814,266.0,20.04,31.51
0.84199,5.773,43.0,5.311,483.0,20.18,29.49
0.14063,6.348,44.5,8.6688,414.0,21.79,30.55
0.79547,6.478,48.2,3.1278,454.0,17.02,35.97
0.20243,6.044,69.7,8.0565,279.0,16.55,33.22
0.16449,6.739,46.7,3.8581,285.0,19.53,34.84
0.1651,5.429,78.6,10.7469,217.0,13.32,35.24
0.81476,5.903,52.4,10.8526,329.0,17.47,31.34
0.66553,5.642,25.5,4.2702,424.0,17.46,29.75
0.52354,5.067,82.7,3.5299,543.0,12.89,28.67
0.35947,5.959,42.9,5.5243,467.0,16.18,33.6
0.87732,5.939,54.6,3.6458,374.0,20.53,28.39
0.39305,6.757,74.8,8.3962,581.0,20.56,33.24
0.81678,6.315,46.6,10.0867,488.0,12.99,33.28
0.4397,5.488,24.5,8.404,572.0,12.91,35.05
0.37757,6.927,49.9,10.0679,411.0,14.63,39.56
0.46322,6.611,95.6,5.3669,304.0,20.75,33.67
0.30208,6.291,71.3,2.7195,221.0,13.29,37.28
0.74786,5.887,73.7,9.1175,490.0,19.2,29.32
0.50322,5.52,70.6,4.9652,249.0,13.01,35.47
0.23298,5.814,35.9,8.384,321.0,18.23,32.82
0.89967,6.544,53.5,3.9771,413.0,15.56,36.53
0.38451,6.942,80.1,1.8935,426.0,19.89,36.65
0.54401,6.772,28.1,11.9184,440.0,14.34,36.58
0.90657,5.756,42.2,2.7182,267.0,18.39,32.97
0.62461,5.44,42.1,11.8726,352.0,14.36,27.38
0.11778,6.07,54.6,11.7501,447.0,19.14,33.21
0.93989,5.116,98.4,9.732,588.0,20.74,23.56
0.62808,6.162,25.4,8.2537,491.0,13.27,33.99
0.33557,5.926,61.5,7.3559,569.0,20.67,32.92
0.14013,5.767,34.3,10.5271,505.0,17.94,30.78
0.79423,5.203,97.7,4.1838,437.0,13.27,27.77
0.62045,6.257,29.1,6.1445,277.0,16.28,38.68
0.53393,5.734,52.3,7.8133,467.0,13.61,33.59
0.894,5.415,79.0,5.5231,449.0,19.0,28.95
0.78881,4.564,76.4,5.7024,441.0,19.59,22.94
0.15252,5.986,53.8,4.6331,396.0,13.06,36.72
0.31241,6.886,47.7,7.2065,411.0,17.06,37.24
0.24924,6.831,51.8,10.3563,334.0,20.15,37.1
0.7442,5.771,41.1,3.2168,408.0,21.36,27.04
0.0345,5.699,36.4,11.2788,279.0,17.14,31.9
0.57032,6.234,58.6,8.58,522.0,21.5,33.89
0.7627,5.501,41.5,10.056,274.0,17.36,29.91
0.87689,6.151,43.0,7.1181,234.0,15.94,35.09
0.34274,6.383,72.5,9.5747,374.0,20.48,31.78
0.82144,6.613,97.5,1.1782,463.0,16.93,32.97
0.11152,5.95,68.3,10.0022,375.0,16.72,28.12
0.84661,5.898,26.2,1.4415,311.0,16.9,34.97
0.12836,5.561,26.0,10.789,423.0,20.47,29.61
0.39789,5.587,96.1,11.9116,339.0,20.32,27.82
0.7975,5.887,43.8,4.2347,573.0,16.04,31.84
0.15077,6.184,27.4,3.3135,569.0,15.33,35.09
0.23002,6.457,67.9,9.419,401.0,16.92,36.82
0.72253,5.598,69.9,3.7833,331.0,17.73,31.22
0.72032,6.746,71.9,10.5212,495.0,14.38,34.82
0.64151,5.864,41.4,2.1313,215.0,19.94,33.65
0.69425,5.989,21.2,2.3855,390.0,16.86,36.31
0.54318,5.626,97.2,11.7707,335.0,15.34,33.39
0.25255,4.788,40.1,8.4122,568.0,13.07,26.46
0.34635,6.442,74.1,10.3158,205.0,14.39,37.7
0.18242,6.368,76.5,4.5676,421.0,21.49,33.26
0.90854,5.859,68.8,8.4413,496.0,15.05,29.62
0.58381,6.033,45.0,7.5367,394.0,13.69,35.27
0.40145,6.258,41.7,7.6347,234.0,16.61,33.73
0.46254,5.219,67.8,8.5079,589.0,15.07,24.17
0.94734,5.735,89.3,7.329,407.0,12.35,33.55
0.1542,6.397,95.7,5.7197,446.0,15.23,34.05
0.58664,5.373,28.5,4.0351,295.0,17.44,32.64
0.50638,6.147,32.4,9.4544,393.0,17.52,33.89
0.61184,5.322,95.6,3.489,372.0,15.57,28.28
0.01909,6.233,78.9,8.6159,230.0,16.47,35.44
0.87225,5.982,90.6,3.5667,242.0,21.66,29.33
0.93219,5.192,36.2,7.8786,535.0,15.77,31.38
0.56557,6.582,67.0,9.2179,296.0,14.58,34.81
0.69695,5.633,76.1,3.4059,278.0,14.43,33.47
0.92258,5.595,74.4,1.6594,402.0,16.58,29.56
0.70753,6.1,52.7,2.4407,507.0,19.6,33.35
0.15339,6.574,21.2,7.666,225.0,14.06,39.68
0.57671,5.492,66.6,10.3439,431.0,19.09,27.21
0.60711,6.031,40.2,1.495,248.0,12.21,40.47
0.42471,6.214,56.0,9.0757,215.0,16.19,36.18
0.73671,6.347,96.6,4.7545,221.0,19.76,35.46
0.93443,6.088,51.9,6.2638,534.0,15.39,31.17
0.92564,5.816,87.2,11.2175,247.0,17.64,28.66
0.45139,5.586,35.1,4.6517,218.0,14.05,35.73
0.11412,6.043,73.8,6.1187,375.0,19.42,31.62
0.98486,5.464,98.2,1.1505,538.0,12.52,32.26
0.83906,4.539,28.2,1.8976,305.0,20.53,26.58
0.12554,6.218,20.7,3.8445,369.0,13.98,38.37
0.92092,6.452,54.7,1.3064,216.0,20.74,33.12
0.87003,4.819,27.4,7.9451,380.0,15.53,32.46
0.51932,5.495,79.9,5.6904,431.0,19.23,28.43
0.59168,6.31,93.2,7.0296,428.0,15.19,35.57
0.3996,7.029,54.7,2.9211,333.0,21.06,36.19
0.05571,6.01,40.7,4.2553,326.0,13.27,37.67
0.33586,5.636,54.8,8.3021,243.0,13.79,31.78
0.80305,5.909,77.9,11.6183,347.0,16.93,32.45
0.00563,6.687,20.7,1.5546,240.0,12.82,41.98
0.33417,5.677,67.2,10.7942,507.0,13.96,31.05
0.39877,5.6,69.1,7.3457,587.0,21.44,28.06
0.53786,5.759,71.0,7.2031,588.0,21.76,24.73
0.91994,5.523,39.4,6.5031,546.0,15.76,28.96
0.347,6.061,77.1,1.7633,440.0,21.23,32.37
0.34761,6.812,27.3,1.9886,480.0,17.45,42.34
0.73776,6.162,35.9,7.61,314.0,14.7,36.08
0.45277,5.874,90.2,4.7505,452.0,19.02,31.64
0.22538,5.854,79.1,11.0899,382.0,18.59,30.24
0.45299,5.218,21.1,5.4725,393.0,21.89,32.15
0.14172,6.442,39.9,2.5761,503.0,14.65,33.58
0.17721,5.961,37.2,8.8619,313.0,18.72,33.53
0.49887,5.91,41.7,4.2269,327.0,12.52,33.42
0.41951,7.597,39.8,6.7802,570.0,13.14,36.94
0.91493,6.149,25.0,8.6762,222.0,12.04,39.16
0.36303,5.624,56.7,10.9029,394.0,21.99,28.4
0.58101,5.787,78.6,9.7141,565.0,20.02,27.11
0.63263,6.574,68.5,8.44,444.0,19.87,33.22
0.01408,6.057,73.8,8.476,419.0,17.1,38.83
0.66387,5.281,26.5,11.4052,300.0,15.0,30.98
0.17886,6.46,96.1,4.2541,337.0,13.51,38.37
0.96111,5.666,87.1,1.0122,541.0,14.85,29.9
0.14951,6.937,84.4,3.9915,424.0,15.76,38.75
0.41521,6.54,85.8,3.3968,406.0,19.56,33.92
0.08626,5.776,94.6,8.2802,240.0,17.4,31.42
0.99688,6.641,63.5,7.9708,206.0,12.77,43.4
0.50269,6.034,36.0,7.5281,585.0,12.18,36.75
0.59579,6.426,69.3,1.1787,351.0,13.02,38.77
0.06801,6.242,79.4,9.0166,441.0,16.1,28.92
0.75021,5.577,79.0,4.5588,232.0,21.33,29.52
0.2107,5.678,61.7,8.3156,473.0,18.37,35.26
0.89816,6.515,25.5,7.1224,573.0,20.02,32.74
0.20593,5.833,49.7,4.77,430.0,16.66,35.19
0.1915,5.798,93.7,2.4803,250.0,15.62,37.16
0.03751,5.522,66.8,2.0386,433.0,13.08,33.75
0.47259,6.212,63.1,10.1467,507.0,20.76,28.77
0.56528,7.031,41.5,11.1024,363.0,19.83,31.99
0.06664,5.466,49.5,8.1477,552.0,13.68,32.19
0.77575,6.012,91.6,2.1378,459.0,17.12,30.72
0.45384,6.706,73.3,5.4223,560.0,16.87,35.34
0.52487,5.96,83.0,9.0183,449.0,18.25,28.13
0.44132,6.226,56.3,9.578,253.0,21.46,32.51
0.40136,5.469,70.4,2.3004,324.0,17.8,31.5
0.56008,6.214,39.9,1.0003,281.0,17.4,37.42
0.15609,5.906,76.4,8.8335,564.0,12.5,30.27
0.18275,6.493,54.2,4.9226,504.0,12.63,39.8
0.86192,6.594,55.4,3.7993,471.0,13.87,36.28
0.94617,7.295,71.9,1.1419,320.0,12.32,39.91
0.37394,6.29,94.9,6.9433,274.0,19.43,33.35
0.27147,6.163,25.1,10.3627,503.0,19.23,32.28
0.64436,6.097,86.0,11.5339,390.0,13.36,34.02
0.40933,5.823,43.4,7.2232,290.0,20.36,34.81
0.02636,6.169,55.5,6.6591,447.0,13.55,35.12
0.157,5.852,21.8,1.9356,216.0,15.01,37.24
0.71626,6.084,44.1,7.0376,330.0,14.49,33.58
0.65927,6.659,60.2,5.1798,387.0,15.72,39.03
0.02807,5.497,24.5,7.6785,259.0,14.55,34.7
0.22275,6.57,59.3,5.276,594.0,16.89,33.68
0.23184,6.659,94.2,3.6433,284.0,16.07,33.94
0.67222,5.941,28.4,2.0446,252.0,21.87,36.54
0.02069,4.939,81.2,4.4641,281.0,12.56,28.81
0.105,5.696,52.8,2.0631,508.0,13.42,32.46
0.80012,6.648,72.4,2.9459,370.0,12.53,39.83
0.17937,5.989,40.8,11.8607,426.0,18.26,29.48
0.65309,5.5,32.8,5.8851,208.0,12.55,32.67
0.23894,5.748,32.8,6.8506,214.0,20.36,28.7
0.10034,6.42,25.6,10.6098,378.0,17.12,37.26
0.24393,6.273,34.9,11.9513,527.0,17.27,31.81
0.72254,5.881,73.1,7.4099,554.0,17.62,35.87
0.85584,5.817,90.5,9.9372,235.0,13.71,31.76
0.83039,5.804,85.1,4.5964,415.0,13.98,31.15
0.39779,5.539,74.8,4.3632,565.0,15.19,29.0
0.66842,6.808,28.8,5.4297,355.0,17.93,38.73
0.20578,5.839,43.1,8.3976,532.0,14.1,31.81
0.29385,6.609,44.8,8.5041,253.0,13.16,40.97
0.89644,6.761,40.0,4.4676,574.0,21.7,31.72
0.01399,6.499,61.2,2.4653,501.0,12.22,35.28
0.08642,5.784,62.8,7.9564,577.0,20.03,25.02
0.20868,6.202,48.6,2.4116,471.0,19.88,28.87
0.02751,5.988,48.3,7.3634,345.0,14.97,34.03
0.18225,5.548,86.3,8.6276,575.0,13.36,29.3
0.58346,6.162,83.1,8.7067,310.0,13.46,34.19
0.422,5.41,44.6,9.2882,333.0,18.97,32.32
0.89278,6.594,93.1,10.6015,480.0,18.43,35.05
0.81763,5.768,96.2,6.4995,506.0,19.83,27.6
0.34248,6.101,46.1,9.0327,572.0,21.37,26.15
0.26016,6.142,48.4,7.8109,282.0,18.92,33.15
0.38031,5.871,60.5,3.053,519.0,13.56,32.57
0.5907,6.293,95.3,1.2826,495.0,14.43,33.57
0.2688,5.763,90.1,4.13,226.0,20.42,30.29
0.62452,6.436,28.2,5.8734,355.0,14.09,36.95
0.41,5.327,51.4,7.7882,313.0,12.73,32.06
0.5525,6.063,64.3,10.3496,322.0,19.03,31.03
0.43669,6.969,60.3,3.1587,593.0,16.03,37.66
0.29517,5.5,35.5,2.381,457.0,21.2,30.36
0.9485,5.661,88.7,11.5983,487.0,18.5,25.91
0.76384,6.257,74.2,2.1885,591.0,12.9,37.42
0.14097,6.09,87.0,6.2634,351.0,21.48,29.31
0.8686,6.175,88.7,7.4412,521.0,14.59,29.55
0.48794,6.245,79.9,6.9551,374.0,15.37,35.53
0.89466,6.317,55.1,1.9464,548.0,16.02,32.97
0.80006,6.555,68.8,1.6273,272.0,12.51,40.65
0.42579,6.205,32.8,2.1603,579.0,16.97,29.31
0.02345,5.879,73.9,7.4415,288.0,13.23,37.97
0.26941,6.336,34.3,6.9878,330.0,16.01,38.16
0.54209,6.95,75.5,3.5711,502.0,15.51,34.72
0.63384,5.934,38.4,8.0155,358.0,19.73,29.2
0.25863,5.513,29.4,10.0207,443.0,20.03,32.45
0.14022,6.554,33.2,1.4574,378.0,13.53,38.39
0.8351,5.94,20.2,6.4794,497.0,15.67,31.91
0.98442,4.914,77.5,8.5824,291.0,15.73,23.73
0.52616,6.424,78.6,3.7754,223.0,13.51,38.06
0.17251,5.732,61.2,4.3855,320.0,19.98,31.22
0.27304,5.955,32.9,7.75,390.0,19.07,34.1
0.01937,6.166,26.7,10.8773,267.0,13.9,34.43
0.91438,6.095,21.5,9.9092,342.0,15.67,32.1
0.11863,6.355,33.3,7.4144,360.0,13.06,39.01
0.57694,5.782,91.3,9.0324,223.0,18.28,33.72
0.27478,6.257,39.3,5.013,433.0,13.21,33.89
0.55462,5.87,48.3,8.0506,554.0,21.86,30.71
0.65177,6.369,28.4,6.128,261.0,19.81,36.0
0.82991,6.308,37.8,3.0893,439.0,15.9,38.22
0.20721,5.532,61.5,8.7191,466.0,17.79,29.27
0.01198,6.543,68.6,7.1211,368.0,21.11,28.95
0.13775,5.732,39.6,4.9448,480.0,17.54,31.54
0.90012,6.404,24.6,11.0247,364.0,13.74,39.24
0.87402,6.184,51.3,1.2303,402.0,15.79,34.0
0.59782,6.919,38.7,4.4735,203.0,20.43,38.22
0.60092,5.888,37.6,1.6257,477.0,18.44,32.34
0.66537,5.825,96.8,9.4318,465.0,18.51,23.3
0.1762,5.99,69.3,8.7232,215.0,20.67,35.9
0.9145,5.848,64.6,4.6449,347.0,20.94,29.17
0.41935,6.4,53.3,8.4323,592.0,21.2,32.0
0.38376,5.192,54.3,5.3553,368.0,12.95,31.74
0.5194,5.473,63.3,9.3188,401.0,17.44,32.13
0.04792,5.466,75.7,5.996,564.0,19.41,28.3
0.16712,6.475,76.2,5.5351,487.0,19.57,32.77
0.7383,6.855,33.7,11.282,433.0,18.07,34.49
0.08372,5.948,60.0,3.7597,519.0,13.67,35.72
0.60355,5.916,53.0,2.3249,546.0,19.97,27.03
0.2461,6.035,89.6,7.43,383.0,19.2,32.74
0.38991,6.581,70.5,11.6625,390.0,12.86,34.73
0.28941,5.536,62.6,5.1562,354.0,16.64,34.27
0.35632,6.119,29.2,1.6824,587.0,13.74,35.79
0.71933,6.488,68.5,4.7324,479.0,15.37,36.89
0.29782,6.251,29.4,6.5652,233.0,12.18,39.66
0.56684,6.095,47.0,2.7812,545.0,16.0,30.27
0.47657,6.501,31.4,8.2391,392.0,17.5,34.29
0.66401,4.648,75.4,11.9752,228.0,18.2,27.22
0.93689,6.339,36.5,5.9691,420.0,18.63,34.76
0.73284,5.673,51.3,4.902,367.0,20.36,32.99
0.21573,5.085,91.7,5.4077,551.0,14.15,28.71
0.03215,6.256,36.3,2.2666,282.0,13.2,37.37
0.263,6.687,60.6,10.716,531.0,20.52,31.18
0.59548,5.931,53.5,5.5631,423.0,13.57,34.83
0.05237,6.476,21.4,5.26,222.0,21.75,31.94
0.49687,6.806,83.4,8.2566,589.0,20.43,35.87
0.59725,6.657,25.5,5.8624,405.0,17.01,38.38
0.33491,6.82,57.9,8.1306,316.0,21.81,37.96
0.77114,6.371,64.9,1.6759,388.0,12.97,34.66
0.10749,6.038,70.3,9.951,543.0,15.03,34.58
0.07606,5.199,75.1,11.3455,322.0,18.38,32.49
0.72846,5.877,40.3,8.1364,277.0,15.5,32.02
0.496,5.578,20.8,11.5002,252.0,21.28,32.1
0.68871,7.085,77.9,2.6658,319.0,12.66,41.69
0.43539,5.912,62.9,6.2516,512.0,17.49,28.25
0.24716,6.062,86.9,7.6199,389.0,17.91,33.2
0.81928,6.276,85.7,7.3991,291.0,18.53,35.41
0.79962,6.022,87.5,5.4161,266.0,14.56,33.86
0.695,6.848,58.8,4.7189,333.0,15.65,41.36
0.27287,5.689,46.7,2.3951,576.0,20.44,26.12
0.59064,6.097,83.3,5.3092,337.0,13.95,32.29
0.36161,5.629,56.1,2.7893,595.0,20.27,28.91
0.09249,5.34,34.7,9.078,394.0,17.63,30.09
0.9174,5.694,88.4,3.2971,272.0,19.62,29.74
0.13768,5.981,90.6,1.6442,556.0,19.14,32.28
0.95029,5.785,57.3,7.076,384.0,14.08,34.5
0.44656,5.654,26.1,7.5475,484.0,17.69,32.79
